[
        {
            "name" : "amit-resume",
            "type" : "docx",
            "location" : "0B-nRIvuKzmKUR3Y1Vkl0TkNqOWc"
        },
        {
            "name" : "lotr",
            "type" : "docx",
            "location" : "0B-nRIvuKzmKUdDl0dS1DeVZCOVE"
        },
        {
            "name" : "warcraft",
            "type" : "docx",
            "location" : "0B-nRIvuKzmKUazVJVndXclpmd28"
        },
        {
            "name" : "amit-resume",
            "type" : "docx",
            "location" : "0B-nRIvuKzmKUR3Y1Vkl0TkNqOWc"
        }
]